<OutOfBrowserSettings ShortName="Out-Of-Browser Sample Application" EnableGPUAcceleration="False" ShowInstallMenuItem="True">
  <OutOfBrowserSettings.Blurb>Out-Of-Browser Sample Application for Beginning Silverlight 3</OutOfBrowserSettings.Blurb>
  <OutOfBrowserSettings.WindowSettings>
    <WindowSettings Title="Out-Of-Browser Sample Application" />
  </OutOfBrowserSettings.WindowSettings>
  <OutOfBrowserSettings.Icons>
    <Icon Size="128,128">128BSL3Logo.png</Icon>
  </OutOfBrowserSettings.Icons>
</OutOfBrowserSettings>